Zeiterfassung IntTe Projekt reddit-clone;;
;;
Auszug aus der Aufgabenstellung:;;
Mit abzugeben, ist eine einfache Zeiterfassung für jedes Teammitglied.;;
;;
Lukas Martinelli;;
Datum;Dauer;[Thema]
;;
;;
;;
;;
;;
;;
Samuel Kurath;;
Datum;Dauer;[Thema]
test;;
;;
;;
;;
;;
;;
;;
Severin Bühler;;
Datum;Dauer;[Thema]
09.10.2014;2h;Problembehebung Tomcatserver --> Kein Erfolg
10.10.2014;2h;Problembehebung Tomcatserver --> Gelöst
11.10.2014;4h;Reddit Entry
15.10.2014;4h;Serialisierung und weitere Arbeiten
